{
 "cells": [
  {
   "cell_type": "code",
   "execution_count": 1,
   "id": "8fedc7a5-6752-471e-b06e-c3c332a3eb72",
   "metadata": {},
   "outputs": [
    {
     "data": {
      "text/plain": [
       "{'users': [{'id': 1, 'name': 'Amit', 'friends': [2, 3], 'liked_pages': [101]},\n",
       "  {'id': 2, 'name': 'Priya', 'friends': [1, 4], 'liked_pages': [102]},\n",
       "  {'id': 3, 'name': 'Rahul', 'friends': [1], 'liked_pages': [101, 103]},\n",
       "  {'id': 4, 'name': 'Sara', 'friends': [2], 'liked_pages': [104]}],\n",
       " 'pages': [{'id': 101, 'name': 'Python Developers'},\n",
       "  {'id': 102, 'name': 'Data Science Enthusiasts'},\n",
       "  {'id': 103, 'name': 'AI & ML Community'},\n",
       "  {'id': 104, 'name': 'Web Dev Hub'}]}"
      ]
     },
     "execution_count": 1,
     "metadata": {},
     "output_type": "execute_result"
    }
   ],
   "source": [
    "{\n",
    "    \"users\": [\n",
    "        {\"id\": 1, \"name\": \"Amit\", \"friends\": [2, 3], \"liked_pages\": [101]},\n",
    "        {\"id\": 2, \"name\": \"Priya\", \"friends\": [1, 4], \"liked_pages\": [102]},\n",
    "        {\"id\": 3, \"name\": \"Rahul\", \"friends\": [1], \"liked_pages\": [101, 103]},\n",
    "        {\"id\": 4, \"name\": \"Sara\", \"friends\": [2], \"liked_pages\": [104]}\n",
    "    ],\n",
    "    \"pages\": [\n",
    "        {\"id\": 101, \"name\": \"Python Developers\"},\n",
    "        {\"id\": 102, \"name\": \"Data Science Enthusiasts\"},\n",
    "        {\"id\": 103, \"name\": \"AI & ML Community\"},\n",
    "        {\"id\": 104, \"name\": \"Web Dev Hub\"}\n",
    "    ]\n",
    "}"
   ]
  },
  {
   "cell_type": "code",
   "execution_count": null,
   "id": "673b8a36-9066-493f-a3af-62c1b786dafc",
   "metadata": {},
   "outputs": [],
   "source": []
  }
 ],
 "metadata": {
  "kernelspec": {
   "display_name": "Python 3 (ipykernel)",
   "language": "python",
   "name": "python3"
  },
  "language_info": {
   "codemirror_mode": {
    "name": "ipython",
    "version": 3
   },
   "file_extension": ".py",
   "mimetype": "text/x-python",
   "name": "python",
   "nbconvert_exporter": "python",
   "pygments_lexer": "ipython3",
   "version": "3.13.5"
  }
 },
 "nbformat": 4,
 "nbformat_minor": 5
}
